 Abant Sağlık Bilimleri ve Teknolojileri Dergisi ,https://dergipark.org.tr/tr/pub/sabited
 Abant Tıp Dergisi ,https://dergipark.org.tr/tr/pub/abantmedj
 ACED-International Journal of Family Child and Education ,http://www.aceddergisi.com/
 Acıbadem Üniversitesi Sağlık Bilimleri Dergisi ,http://www.acibadem.dergisi.org/
 Acta Aquatica Turcica ,http://dergipark.gov.tr/en/pub/actaquatr
 Acta Medica Alanya ,http://dergipark.gov.tr/en/pub/medalanya
 Acta Medica Anatolia ,Null or Not Operations Web Page
 Acta Odontologica Turcica  ,http://dergipark.gov.tr/en/pub/gaziaot
 Acta Oncologica Turcica ,Null or Not Operations Web Page
 Acta Orthopaedica et Traumatologica Turcica ,https://www.sciencedirect.com/journal/acta-orthopaedica-et-traumatologica-turcica
 Acta Veterinaria Eurasia ,https://www.actavet.org/
 Adıyaman Üniversitesi Fen Bilimleri Dergisi ,https://dergipark.org.tr/tr/pub/adyujsci
 Adıyaman Üniversitesi Sağlık Bilimleri Dergisi ,http://dergipark.gov.tr/en/pub/adiyamansaglik
 Adli Tıp Bülteni ,https://www.adlitipbulteni.com/index.php/atb
 Adli Tıp Dergisi ,http://www.adlitipdergisi.com/en/pub/jvi.asp
 Ağrı Dergisi  ,Null or Not Operations Web Page
 Ahi Evran Tıp Dergisi ,http://dergipark.gov.tr/en/pub/aemj
 Aile Hekimliği ve Palyatif Bakım ,http://www.fppc.com.tr/en/
 Akademik Et ve Süt Kurumu Dergisi ,https://www.esk.gov.tr/tr/akademiketvesutkurumudergisi
 Akademik Gastroenteroloji Dergisi ,Null or Not Operations Web Page
 Akademik Geriatri Dergisi ,Null or Not Operations Web Page
 Akdeniz Tıp Dergisi ,Null or Not Operations Web Page
 Alpha Psychiatry ,https://alpha-psychiatry.com/
 ANKEM Dergisi ,https://www.ankemdernegi.org.tr/?dp=published
 Anadolu Acil Tıp Dergisi ,https://dergipark.org.tr/tr/pub/anatolianjem
 Anadolu Çevre ve Hayvan Bilimleri Dergisi (AÇEH) ,http://dergipark.gov.tr/en/pub/jaes
 Anadolu Kliniği Tıp Bilimleri Dergisi ,https://dergipark.org.tr/tr/pub/anadoluklin
 Anatolian Bryology ,http://dergipark.gov.tr/en/pub/anatolianbryology
 Anatolian Current Medical Journal ,https://dergipark.org.tr/en/pub/acmj
 Anatolian Journal of Botany ,https://dergipark.org.tr/tr/pub/ajb
 Anatolian Journal of Clinical Investigation ,Null or Not Operations Web Page
 Anatolian Journal of Health Research ,https://anatoljhr.org/
 Androloji Bülteni ,https://www.androlojibulten.org/jvi.aspx?pdir=androloji&plng=tur&list=pub
 Anestezi Dergisi  ,https://anestezidergisi.com/
" Animal Health, Production and Hygiene ",https://dergipark.org.tr/tr/pub/aduveterinary
 Anka Tıp Dergisi ,http://www.acilx.com/tr/
 Ankara Dişhekimleri Odası (ADO) Klinik Bilimler Dergisi ,https://dergipark.org.tr/tr/pub/adoklinikbilimler
 Ankara Eğitim ve Araştırma Hastanesi Tıp Dergisi ,Null or Not Operations Web Page
 Ankara Medical Journal ,https://ankaramedj.com/
 Ankara Sağlık Bilimleri Dergisi ,http://dergipark.gov.tr/en/pub/ausbid
 Ankara Üniversitesi Tıp Fakültesi Mecmuası ,Null or Not Operations Web Page
 Ankara Üniversitesi Veteriner Fakültesi Dergisi ,Null or Not Operations Web Page
 Annals of Clinical and Analytical Medicine ,Null or Not Operations Web Page
 Annals of Medical Research ,https://www.annalsmedres.org/index.php/aomr
 Archives of Clinical and Experimental Medicine ,Null or Not Operations Web Page
 Archives of Current Medical Research  ,https://dergipark.org.tr/tr/pub/acmr
 Archives of Epilepsy ,https://archepilepsy.org/
 Archives of Health Science and Research ,https://archhealthscires.org/
 Archives of Rheumatology  ,https://www.archivesofrheumatology.org/
 Arşiv Kaynak Tarama Dergisi ,http://dergipark.gov.tr/en/pub/aktd
 Artuklu International Journal of Health Sciences ,https://dergipark.org.tr/tr/pub/artukluder
 Astım Allerji İmmünoloji Dergisi ,https://www.aai.org.tr/
 Avrasya Sağlık Bilimleri Dergisi ,https://dergipark.org.tr/en/pub/avrasyasbd/archive
 Avrasya Spor Bilimleri ve Eğitim Dergisi ,https://dergipark.org.tr/tr/pub/ejsse
" BARNAT-Bilimsel Tamamlayıcı Tıp, Regülasyon ve Nöralterapi Dergisi ",https://barnat.com.tr/
 Bağcılar Tıp Bülteni ,https://www.behmedicalbulletin.org/
 Bağımlılık Dergisi ,http://dergipark.gov.tr/en/pub/bagimli
 Bahri Dağdaş Hayvancılık Araştırma Dergisi ,https://dergipark.org.tr/tr/pub/bdhad
 Balıkesir Medical Journal ,http://dergipark.gov.tr/en/pub/bmedj
 Balıkesir Sağlık Bilimleri Dergisi ,http://dergipark.gov.tr/en/pub/balikesirsbd/issue/38837
 Balkan Medical Journal ,Null or Not Operations Web Page
 Bandırma Onyedi Eylül Üniversitesi Sağlık Bilimleri ve Araştırmaları Dergisi ,https://dergipark.org.tr/tr/pub/boneyusbad
 Batı Karadeniz Tıp Dergisi ,https://dergipark.org.tr/tr/pub/mjwbs
 Beden Eğitimi ve Spor Bilimleri Dergisi ,Null or Not Operations Web Page
 Beslenme ve Diyet Dergisi ,Null or Not Operations Web Page
 Beyoglu Eye Journal ,https://beyoglueye.com/jvi.aspx?pdir=beyoglu&plng=eng&list=pub
 Bezmialem Science ,Null or Not Operations Web Page
 Bilişsel Davranışçı Psikoterapi ve Araştırmalar Dergisi ,https://www.jcbpr.org/
 Bingöl Üniversitesi Sağlık Dergisi  ,https://dergipark.org.tr/tr/pub/bingolsaglik
 Biyolojik Çeşitlilik ve Koruma ,https://dergipark.org.tr/en/pub/biodicon
 Biyoteknolojik ve Stratejik Sağlık Araştırmaları Dergisi ,http://dergipark.gov.tr/en/pub/bshr
 Boğaziçi Tıp Dergisi ,https://www.bosphorusmedj.com/tr/
 Bozok İlahiyat Fakültesi Dergisi ,Null or Not Operations Web Page
 Bozok Tıp Dergisi ,https://dergipark.org.tr/tr/pub/bozoktip
 Cam and Sakura Medical Journal  ,https://csmedj.org/
 Cardiovascular Surgery and Interventions ,http://e-cvsi.org/
 Caucasian Journal of Science ,http://dergipark.gov.tr/en/pub/cjo
 Celal Bayar Üniversitesi Beden Eğitimi ve Spor Bilimleri Dergisi ,http://dergipark.gov.tr/en/pub/cbubesbd
 Cerrahi Sanatlar Dergisi ,http://ww38.cerrahisanatlardergisi.com/
 Clinical and Experimental Health Sciences  ,https://dergipark.org.tr/tr/pub/clinexphealthsci
 Clinical Dentistry and Research ,Null or Not Operations Web Page
 Comprehensive Medicine ,https://comprehensivemedicine.org/
 Cukurova Medical Journal ,https://dergipark.org.tr/tr/pub/cumj
 Cumhuriyet Dental Journal ,http://dergipark.gov.tr/en/pub/cumudj
 Cumhuriyet Hemşirelik Dergisi ,Null or Not Operations Web Page
 Cumhuriyet Tıp Dergisi ,http://cmj.cumhuriyet.edu.tr/tr/
 Current Research in Dental Sciences ,https://dergipark.org.tr/tr/pub/currresdentsci
 Current Thoracic Surgery ,http://cts.tgcd.org.tr/
 Cyprus Journal of Medical Sciences ,Null or Not Operations Web Page
 Çocuk Acil ve Yoğun Bakım Dergisi ,https://www.caybdergi.com/
 Çocuk Cerrahisi Dergisi ,https://www.cocukcerrahisidergisi.org/jvi.aspx
 Çocuk Dergisi ,https://dergipark.org.tr/tr/pub/jchild
 Çocuk Enfeksiyon Dergisi ,https://www.cocukenfeksiyondergisi.org/
 Çocuk Sağlığı ve Hastalıkları Dergisi ,http://www.cshd.org.tr/
 Çocuk ve Gelişim Dergisi ,https://dergipark.org.tr/tr/pub/cg
 Çocuk ve Gençlik Ruh Sağlığı Dergisi ,Null or Not Operations Web Page
 Çukurova Anestezi ve Cerrahi Bilimler Dergisi ,https://dergipark.org.tr/en/pub/jocass
 Çukurova Tıp Öğrenci Dergisi ,https://cutipogr.cu.edu.tr/
 Çukurova Tıp Öğrenci Dergisi ,https://cutipogr.cu.edu.tr/
 Dental and Medical Journal-Review ,https://dergipark.org.tr/tr/pub/dmj
 Dergi-Kardiyovasküler Cerrahi ,http://www.journal-cvs.com/archives.html
 Dermatoz ,https://www.dermatoz.org/
 Diagnostic and Interventional Radiology ,Null or Not Operations Web Page
 Dicle Tıp Dergisi ,http://www.diclemedj.org/
 Dicle Üniversitesi Veteriner Fakültesi Dergisi ,https://dergipark.org.tr/tr/pub/duvetfd
" Dil, Konuşma ve Yutma Araştırmaları Dergisi  ",http://www.dkyad.com/
" Diyabet, Obezite ve Hipertansiyonda Hemşirelik Forumu ",https://www.tdhd.org/dohh-dergi
 Dokuz Eylül Üniversitesi Hemşirelik Fakültesi Elektronik Dergisi ,https://dergipark.org.tr/tr/pub/deuhfed
 Dokuz Eylül Üniversitesi Tıp Fakültesi Dergisi ,https://dergipark.org.tr/tr/pub/deutip
 Düşünen Adam: Psikiyatri ve Nörolojik Bilimler Dergisi ,https://dusunenadamdergisi.org/
 Düzce Tıp Fakültesi Dergisi ,https://dergipark.org.tr/tr/pub/dtfd
 Düzce Üniversitesi Spor Bilimleri Dergisi ,https://dergipark.org.tr/tr/pub/dujoss
 Eastern Journal of Medicine ,https://eastjmed.org/jvi.aspx
 Ebelik ve Sağlık Bilimleri Dergisi ,https://dergipark.org.tr/en/pub/esbder
 Ege Klinikleri Tıp Dergisi ,Null or Not Operations Web Page
 Ege Tıp Bilimleri Dergisi ,http://dergipark.gov.tr/en/pub/egetbd
 Ege Tıp Dergisi ,http://egetipdergisi.com.tr/en/
 Ege Üniversitesi Diş Hekimliği Fakültesi Dergisi ,Null or Not Operations Web Page
 Ege Üniversitesi Hemşirelik Fakültesi Dergisi ,http://dergipark.gov.tr/en/pub/egehemsire
 Electronic Journal of General Medicine ,Null or Not Operations Web Page
 ENT Updates ,https://entupdates.com/
 Endoskopi gastrointestinal ,Null or Not Operations Web Page
 Endoüroloji Bülteni ,https://dergipark.org.tr/tr/pub/endouroloji
 Erciyes Medical Journal ,https://erciyesmedj.com/
 Erciyes Üniversitesi Veteriner Fakültesi Dergisi ,http://dergipark.gov.tr/en/pub/ercivet
 Ergoterapi ve Rehabilitasyon Dergisi ,http://dergipark.gov.tr/en/pub/ered
 ESTÜDAM Halk Sağlığı Dergisi ,https://dergipark.org.tr/en/pub/estudamhsd
 Eskişehir Tıp Dergisi ,http://www.eskisehirmedj.com/
 Etlik Veteriner Mikrobiyoloji Dergisi ,https://dergipark.org.tr/tr/pub/evmd
 Eurasian Journal of Anthropology ,Null or Not Operations Web Page
 Eurasian Journal of Critical Care ,https://dergipark.org.tr/tr/pub/ejcc
 Eurasian Journal of Emergency Medicine ,https://eajem.com/
 Eurasian Journal of Family Medicine ,http://ejfm.trakya.edu.tr/
 Eurasian Journal of Health Technology Assessment (EHTA)  ,https://dergipark.org.tr/en/pub/ehta
 Eurasian Journal of Pulmonology ,https://eurasianjpulmonol.com/
 Eurasian Journal of Toxicology ,https://dergipark.org.tr/tr/pub/ejtox
 Eurasian Journal of Veterinary Sciences ,https://eurasianjvetsci.org/archive.php3
 Eurasian Research in Sport Science ,https://dergipark.org.tr/en/pub/eriss
 European Annals of Dental Sciences ,https://dergipark.org.tr/tr/pub/eads
 European Archives of Medical Research ,https://eurarchmedres.org/
 European Journal of Basic Medical Sciences ,Null or Not Operations Web Page
 European Journal of Breast Health ,https://www.eurjbreasthealth.com/en/archive-174
 European Journal of Geriatrics and Gerontology ,https://www.ejgg.org/home
 European Journal of Health Sciences ,Null or Not Operations Web Page
 European Journal of Research in Dentistry ,https://dergipark.org.tr/tr/pub/erd
 European Journal of Rheumatology ,Null or Not Operations Web Page
 European Journal of Rhinology and Allergy ,Null or Not Operations Web Page
 European Journal of Surgical Sciences ,Null or Not Operations Web Page
 European Journal of Therapeutics  ,https://eurjther.com/index.php/home
 European Oral Research ,http://dergipark.gov.tr/en/pub/eor
 Experimental and Applied Medical Science ,Null or Not Operations Web Page
 Experimental and Clinical Transplantation ,http://www.ectrx.org/
 Experimental Biomedical Research ,http://experimentalbiomedicalresearch.com/ojs/index.php/ebr
 Fenerbahçe Üniversitesi Sağlık Bilimleri Dergisi ,https://www.fbu.edu.tr/akademibolum/63/saglik-bilimleri-dergisi-journal-of-health-sciences-johs-
 Fenerbahçe Üniversitesi Spor Bilimleri Dergisi ,https://www.fbu.edu.tr/akademibolum/68/spor-bilimleri-dergisi-journal-of-sport-sciences-jss-
 Fırat Tıp Dergisi ,http://www.firattipdergisi.com/
 Fırat Üniversitesi Sağlık Bilimleri Tıp Dergisi ,http://www.fusabil.org/
 Fırat Üniversitesi Sağlık Bilimleri Veteriner Dergisi ,http://www.fusabil.org/
 Fiziksel Tıp ve Rehabilitasyon Bilimleri Dergisi ,https://www.jpmrs.org/
 Florence Nightingale Hemşirelik Dergisi ,https://fnjn.org/
 Forbes Tıp Dergisi ,https://forbestip.org/
 Gazi Beden Eğitimi ve Spor Bilimleri Dergisi ,https://dergipark.org.tr/tr/pub/gbesbd
 Gazi Sağlık Bilimleri Dergisi ,https://dergipark.org.tr/tr/pub/gsbdergi
 Gazi Tıp Dergisi  ,https://medicaljournal.gazi.edu.tr/index.php/GMJ
 Gazi Üniversitesi Sağlık Bilimleri Enstitüsü Dergisi  ,Null or Not Operations Web Page
 Gaziantep Üniversitesi Spor Bilimleri Dergisi ,http://dergipark.gov.tr/en/pub/gaunjss
 Geleneksel ve Tamamlayıcı Tıp Dergisi ,https://www.turkiyeklinikleri.com/journal/geleneksel-ve-tamamlayici-tip-dergisi/2630-6425/tr-index.html
 Genel Sağlık Bilimleri Dergisi ,https://dergipark.org.tr/tr/pub/jgehes
 Genel Tıp Dergisi ,https://dergipark.org.tr/tr/pub/jgehes
 Geriatrik Bilimler Dergisi  ,https://dergipark.org.tr/tr/pub/geneltip
 Göğüs Kalp Damar Anestezi ve Yoğun Bakım Derneği Dergisi ,https://dergipark.org.tr/tr/pub/geriatrik
 Gulhane Medical Journal ,https://gkdaybd.org/
 Gümüşhane Üniversitesi Sağlık Bilimleri Dergisi ,http://dergipark.gov.tr/en/pub/gumussagbil
 Güncel Dermatoloji Dergisi ,https://www.turkdermatolojidergisi.com/
 Güncel Hemşirelik Araştırmaları Dergisi  ,http://jcnr.selcuk.edu.tr/index.php/jcnr
 Güncel Pediatri Dergisi ,https://www.guncelpediatri.com/
 Gynecology Obstetrics & Reproductive Medicine (GORM) ,Null or Not Operations Web Page
 Hacettepe Journal of Biology and Chemistry ,http://www.hjbc.hacettepe.edu.tr/
 Hacettepe Sağlık İdaresi Dergisi ,http://www.saglikidaresidergisi.hacettepe.edu.tr/
 Hacettepe University Journal of the Faculty of Pharmacy ,https://dergipark.org.tr/tr/pub/hujpharm
 Hacettepe Üniversitesi Hemşirelik Fakültesi Dergisi ,http://www.hacettepehemsirelikdergisi.org/archive.php3
 Halk Sağlığı Hemşireliği Dergisi ,https://dergipark.org.tr/tr/pub/jphn
 Hand and Microsurgery ,https://handmicrosurgeryjournal.com/
 Harran Üniversitesi Tıp Fakültesi Dergisi ,http://dergipark.gov.tr/en/pub/hutfd
 Harran Üniversitesi Veteriner Fakültesi Dergisi ,http://veteriner.harran.edu.tr/tr/dergi/dergi-anasayfa/
 Haseki Tıp Bülteni ,http://www.hasekidergisi.com/
 Haydarpaşa Numune Medical Journal ,Null or Not Operations Web Page
 Hayvansal Üretim ,http://dergipark.gov.tr/hayuretim/
 Health Sciences Quarterly ,https://journals.gen.tr/index.php/jsp
 Hemşirelikte Araştırma Geliştirme Dergisi ,http://www.hemarge.org.tr/dergi
 Hepatology Forum ,https://hepatologyforum.org/
 Hipokrat Tıp Dergisi ,https://ojs.bandirma.edu.tr/index.php/hipokrat-tip
 Hitit Medical Journal ,https://dergipark.org.tr/tr/pub/hititmedj
 Hru International Journal of Dentistry and Oral Research ,http://web.harran.edu.tr/ijdor/tr/
 Iğdır Üniversitesi Fen Bilimleri Enstitüsü Dergisi (FBED) ,http://dergipark.gov.tr/en/pub/jist
 International Dental Research ,https://www.dental-research.com/idr
 International Journal of Current Medical and Biological Sciences ,https://ijcmbs.com/index.php/ijcmbs/about
 International Journal of Echinococcoses ,https://www.echinococcoses.org/index.php/about-journal
 International Journal of Health Management and Tourism ,https://dergipark.org.tr/tr/pub/ijhmt
 International Journal of Health Services Research and Policy ,http://dergipark.gov.tr/en/pub/ijhsrp
 International Journal of Life Sciences and Biotechnology ,http://dergipark.gov.tr/en/pub/ijlsb
 International Journal of the Cardiovascular Academy ,https://www.ijcva.com/backissues.asp
 International journal of Traditional Complementray Medicine Research  ,Null or Not Operations Web Page
 International Target Medicine Journal  ,https://targetmedj.com/
 Izmir Democracy University Health Sciences Journal ,https://dergipark.org.tr/tr/pub/iduhes
 İnönü Üniversitesi Sağlık Bilimleri Dergisi ,https://www.inonu.edu.tr/tr/sbe/2662/menu
 İnönü Üniversitesi Sağlık Hizmetleri Meslek Yüksek Okulu Dergisi ,http://dergipark.gov.tr/en/pub/inonusaglik
 İslami Araştırmalar Dergisi ,https://www.atifdizini.com/journals/detail?id=699
 İslami Araştırmalar Dergisi ,https://www.atifdizini.com/journals/detail?id=699
 İstanbul Fiziksel Tıp ve Rehabilitasyon Dergisi ,"https://istanbulftreah.saglik.gov.tr/TR,74943/son-sayi.html"
 İstanbul Gelişim Üniversitesi Sağlık Bilimleri Dergisi ,http://dergipark.gov.tr/en/pub/igusabder
 İstanbul Kardiak ve Vasküler Cerrahi Araştırmalar Dergisi ,Null or Not Operations Web Page
 İstanbul Kuzey Klinikleri ,https://northclinist.com/jvi.aspx
 İstanbul Medical Journal ,https://istanbulmedicaljournal.org/
 İstanbul Tıp Fakültesi Dergisi ,http://dergipark.gov.tr/en/pub/iuitfd
 İzmir Eğitim ve Araştırma Hastanesi Tıp Dergisi ,https://bozyakaeah.saglik.gov.tr/
 İzmir Göğüs Hastanesi Dergisi ,http://igh.dergisi.org/
 İzmir Katip Çelebi Üniversitesi Sağlık Bilimleri Fakültesi Dergisi ,https://dergipark.org.tr/tr/pub/ikcusbfd
 Joint Diseases & Related Surgery ,https://www.jointdrs.org/
 Journal of Academic Research in Medicine-JAREM ,Null or Not Operations Web Page
 Journal of Academic Research in Nursing (JAREN) ,https://jarengteah.org/jvi.aspx?pdir=respircase&plng=tur&list=pub
 Journal of Applied Biological Sciences (JABS) ,https://www.jabsonline.org/index.php/jabs
 Journal of Basic and Clinical Health Sciences (BACHS) ,Null or Not Operations Web Page
 Journal of Clinical and Experimental Investigations ,Null or Not Operations Web Page
 Journal of Clinical Obstetrics & Gynecology- JCOG (Türkiye Klinikleri Jinekoloji Obstetrik Dergisi) ,https://www.jcog.com.tr/
 Journal of Clinical Research in Pediatric Endocrinology (JCRPE) ,https://jcrpe.org/home/
 Journal of Contemporary Medicine ,http://dergipark.gov.tr/en/pub/gopctd
 Journal of Critical and Intensive Care  ,http://www.jcritintensivecare.org/
 Journal of Dr. Behcet Uz Children’s Hospital ,https://behcetuzdergisi.com/jvi.asp
 Journal of Education and Recreation Patterns ,https://www.jerpatterns.com/index.php/jerp
 Journal of Education and Research in Nursing ,https://jer-nursing.org/
 Journal of Emergency Medicine Case Reports ,https://dergipark.org.tr/tr/pub/jemcr
 Journal of Eurasian Medical Science ,http://jeurmeds.org/
 Journal of Experimental and Clinical Medicine ,http://dergipark.gov.tr/en/pub/omujecm
 Journal of Experimental and Integrative Medicine ,Null or Not Operations Web Page
 Journal of Global Sport and Education Research (JOGSER) ,https://dergipark.org.tr/en/pub/jogser
 Journal of Health Sciences and Medicine ,http://dergipark.gov.tr/en/pub/jhsm
 Journal of Human Rhythm ,http://dergipark.gov.tr/en/pub/johr
" Journal of Infant, Child and Adolescent Health ",https://jicah.com/index.jsp
 Journal of International Dental and Medical Research ,http://www.jidmr.com/journal/
 Journal of International Health Sciences and Management ,http://dergipark.gov.tr/en/pub/jihsam
 Journal of Istanbul Veterinary Sciences ,http://dergipark.gov.tr/en/pub/http-www-jivs-net
 Journal of Lalahan Livestock Research Institute ,Null or Not Operations Web Page
 Journal of Limnology and Freshwater Fisheries Research ,http://www.limnofish.org/en/
 Journal of Medical Topics and Updates ,https://dergipark.org.tr/en/pub/jomtu
 Journal of Medicine and Palliative Care ,Null or Not Operations Web Page
 Journal of Microbiology and Infectious Diseases ,https://dergipark.org.tr/tr/pub/jmid
 Journal of Nursology ,https://dergipark.org.tr/tr/pub/jnursology
 Journal of Oncological Sciences ,https://www.journalofoncology.org/archive
 Journal of Oral and Maxillofacial Radiology ,https://www.joomr.org/
 Journal of Orthodontic Research ,http://jorthodr.org/backissues.asp
 Journal of Reconstructive Urology (Türkiye Klinikleri Üroloji Dergisi) ,https://www.turkiyeklinikleri.com/journal/journal-of-reconstructive-urology/2587-0483/
 Journal of Research in Pharmacy ,https://www.jrespharm.com/
 Journal of Research in Veterinary Medicine ,https://dergipark.org.tr/tr/pub/jrvm
 Journal of Social and Analytical Health ,https://jsoah.com/index.php/jsoah
 Journal of Sports Science and Medicine ,https://www.jssm.org/
 Journal of Translational and Practical Medicine ,https://e-jtpm.com/index.php/jtpm
 Journal of Turkish Sleep Medicine ,Null or Not Operations Web Page
 Journal of the Turkish Academy of Dermatology ,https://www.jtad.org/
 Journal of the Turkish German Gynecological Association ,https://www.jtgga.org/
" Journal of the Turkish Journal Chemical Society, Section A: Chemistry ",https://dergipark.org.tr/tr/pub/jotcsa
 Journal of Urological Surgery ,https://www.jurolsurgery.org/home/
 journal of Exercise Therapy and Rehabilitation ,https://dergipark.org.tr/en/pub/jetr
 Kadın ve İşlevsel Üroloji Dergisi ,Null or Not Operations Web Page
 Kafkas Tıp Bilimleri Dergisi ,https://tipdergi.kafkas.edu.tr/meddergi/jvi.asp
 Kafkas Üniversitesi Veteriner Fakültesi Dergisi ,https://www.vetdergikafkas.org/
 Kahramanmaraş Sütçü İmam Üniversitesi Tıp Fakültesi Dergisi ,http://dergipark.gov.tr/en/pub/ksutfd
 Karya Journal of Health Science ,https://dergipark.org.tr/tr/pub/kjhs
 Kastamonu Medical journal  ,https://www.kastamonumedicaljournal.com/index.php/kmj
 KBB Forum: Elektronik Kulak Burun Boğaz ve Baş Boyun Cerrahisi Dergisi ,Null or Not Operations Web Page
 Kıbrıs Türk Psikiyatri ve Psikoloji Dergisi ,https://www.ktppdergisi.com/
 Kırşehir Ahi Evran Üniversitesi Sağlık Bilimleri Dergisi ,https://sbdergi.ahievran.edu.tr/
 Klimik  Dergisi ,Null or Not Operations Web Page
 Klinik Psikiyatri Dergisi ,https://www.klinikpsikiyatri.org/
 Kocaeli Tıp Dergisi ,http://www.kocaelimj.org/jvi.aspx
 Kocaeli Üniversitesi Sağlık Bilimleri Dergisi ,http://sagbil.kocaeli.edu.tr/?p=announcements&id=167
 Kocatepe Tıp Dergisi ,http://www.kocatepetipdergisi.aku.edu.tr/
 Kocatepe Veteriner Dergisi ,http://dergipark.gov.tr/en/pub/kvj
 Konuralp Tıp Dergisi ,Null or Not Operations Web Page
 Koşuyolu Kalp Dergisi ,https://dergipark.org.tr/tr/pub/khj
 KTO Karatay Üniversitesi Sağlık bilimleri Dergisi  ,Null or Not Operations Web Page
 Kulak Burun Boğaz ve Baş Boyun Cerrahisi Dergisi ,Null or Not Operations Web Page
 Laboratuvar Hayvanları Bilimi ve Uygulamaları Dergisi  ,https://dergipark.org.tr/tr/pub/jlasp
" Library, Archive and Museum Research Journal ",Null or Not Operations Web Page
 Life Sciences ,Null or Not Operations Web Page
 Literatür Eczacılık Bilimleri Dergisi (Türkiye Klinikleri Eczacılık Bilimleri Dergisi) ,https://www.turkiyeklinikleri.com/journal/literatur-eczacilik-bilimleri-dergisi/2630-5569/
 Maltepe Tıp Dergisi ,https://dergipark.org.tr/tr/pub/maltepetipderg
 Marmara Medical Journal  ,http://dergipark.gov.tr/en/pub/marumj
 Meandros Medical and Dental Journal ,https://meandrosmedicaljournal.org/home/
 Medeniyet Medical Journal ,https://medeniyetmedicaljournal.org/jvis.aspx
 Medical Journal of Bakırköy ,https://bakirkoymedj.org/
 Medical Journal of Islamic World Academy of Sciences ,https://medicaljournal-ias.org/jvi.aspx
 Medical Research Reports ,https://dergipark.org.tr/tr/pub/mrr
 Medical Science and Discovery ,https://www.medscidiscovery.com/index.php/msd
 Medical Sciences ,Null or Not Operations Web Page
 Medicine Science ,https://www.medicinescience.org/
 Mehmet Akif Ersoy Üniversitesi Sağlık Bilimleri Enstitüsü Dergisi ,http://dergipark.gov.tr/en/pub/maeusabed
 Mersin Üniversitesi Sağlık Bilimleri Dergisi ,http://dergipark.gov.tr/en/pub/mersinsbd
 Mersin Üniversitesi Tıp Fakültesi Lokman Hekim Tıp Tarihi ve Folklorik Tıp Dergisi ,http://dergipark.gov.tr/en/pub/mutftd
 Meyad Akademi Dergisi  ,http://dergi.mobbingdernegi.org.tr/
 MIRT- Molecular Imaging and Radionuclide Therapy ,https://mirt.tsnmjournals.org/home/
 Middle Black Sea Journal of Health Science ,http://dergipark.gov.tr/en/pub/mbsjohs
 Mikrobiyoloji Bülteni ,http://www.mikrobiyolbul.org/
 Muğla Sıtkı Koçman Üniversitesi Tıp Dergisi ,http://dergipark.gov.tr/en/pub/muskutd
 Mustafa Kemal Üniversitesi Tıp Dergisi ,http://dergipark.gov.tr/en/pub/mkutfd
 Namık Kemal Tıp Dergisi ,https://namikkemalmedj.com/
 Natural Products and Biotechnology ,https://natprobiotech.com/index.php/natprobiotech
 Nefroloji Hemşireliği Dergisi ,http://dergipark.gov.tr/en/pub/hemsire
 Neurological Sciences and Neurophysiology ,https://nsnjournal.org/
 Neuropsychiatric Investigation ,https://neuropsychiatricinvestigation.org/
 New Trends in Medicine Science ,https://dergipark.org.tr/tr/pub/ntms
 Niche (Journal of Cellular Therapy and Regenerative Medicine) ,Null or Not Operations Web Page
 Nobel Medicus ,https://www.nobelmedicus.com/
 Nörodavranış Bilimleri Dergisi ,https://www.jnbsjournal.com/
 Nöropsikiyatri Arşivi ,https://www.noropsikiyatriarsivi.com/
 Nükleer Tıp Seminerleri  ,https://nukleertipseminerleri.org/
 Online Türk Sağlık Bilimleri Dergisi ,http://dergipark.gov.tr/en/pub/otjhs
 Ordu Üniversitesi Hemşirelik Çalışmaları Dergisi ,https://dergipark.org.tr/tr/pub/ouhcd
 Ortadoğu Tıp Dergisi ,http://dergipark.gov.tr/en/pub/ortadogutipdergisi
 Osmangazi Tıp Dergisi ,https://dergipark.org.tr/en/pub/otd
 Pamukkale Journal of Sport Sciences ,https://dergipark.org.tr/tr/pub/psbd
 Pamukkale Tıp Dergisi ,http://dergipark.gov.tr/en/pub/patd
 Paramedik ve Acil Sağlık Hizmetleri Dergisi  ,https://dergipark.org.tr/tr/pub/pashid
 Parkinson Hastalığı ve Hareket Bozuklukları Dergisi ,Null or Not Operations Web Page
 Pediatric Heart Journal ,https://turkpedkar.org.tr/yeni-dergi/
 Pediatric Urology Case Reports ,https://www.pediatricurologycasereports.com/
 Perinatoloji Dergisi ,Null or Not Operations Web Page
 Prusias Tıp Dergisi ,Null or Not Operations Web Page
 Psikiyatri Hemşireliği Dergisi ,https://phdergi.org/jvi.aspx
 Psikiyatride Güncel Yaklaşımlar ,http://www.cappsy.org/
 Psychiatry and Behavioral Sciences ,Null or Not Operations Web Page
 Psychiatry and Clinical Psychopharmacology ,Null or Not Operations Web Page
 Respiratory Case Reports ,https://www.respircase.com/jvi.aspx
 ROL Spor bilimleri Dergisi ,https://roljournal.com/index.php/rol
 ROL Spor bilimleri Dergisi ,https://roljournal.com/index.php/rol
 Romatoloji ve Tıbbi Rehabilitasyon Dergisi ,http://romatoloji.tkproje.com/
" Sağlık, Bakım ve Rehabilitasyon Dergisi ",Null or Not Operations Web Page
 Sağlık Akademisyenleri Dergisi ,https://dergipark.org.tr/tr/pub/sagakaderg
 Sağlık Bilimleri Dergisi ,https://sagens.erciyes.edu.tr/
 Sağlık Bilimleri Üniversitesi Hemşirelik Dergisi ,https://dergipark.org.tr/tr/pub/sbuhemsirelik
 Sağlık Bilimlerinde Değer ,http://dergipark.gov.tr/en/pub/duzcesbed
 Sağlık Profesyonelleri Araştırma Dergisi ,https://dergipark.org.tr/tr/pub/jhpr
 Sağlık ve Hemşirelik Yönetimi Dergisi ,https://shydergisi.org/jvi.aspx?pdir=shyd&plng=tur&list=pub
 Sağlık ve Yaşam Bilimleri Dergisi  ,http://journals.iku.edu.tr/sybd/index.php/sybd
 Sakarya Tıp Dergisi ,http://dergipark.gov.tr/en/pub/smj
 Sakarya Üniversitesi Fen Bilimleri Enstitüsü Dergisi ,https://dergipark.org.tr/en/pub/saufenbilder
 Selcuk Dental Journal ,Null or Not Operations Web Page
 Selçuk Sağlık Dergisi ,https://dergipark.org.tr/tr/pub/ssd
 Selçuk Tıp Dergisi ,https://www.selcukmedj.org/
 Sivas Cumhuriyet Üniversitesi Spor Bilimleri Dergisi ,http://cuspor.cumhuriyet.edu.tr/tr/
 Smyrna Tıp Dergisi ,https://smyrnatipdergisi.com/
 Solunum Hastalıkları ,Null or Not Operations Web Page
 Southern Clinicis of Istanbul Eurasia ,https://scie.online/
 Spor Bilimleri Araştırmaları Dergisi ,http://dergipark.gov.tr/en/pub/jssr
 Spor Bilimleri Dergisi ,https://dergipark.org.tr/tr/pub/sbd
 Spor Hekimliği Dergisi ,https://journalofsportsmedicine.org/archive
 Sportif Bakış: Spor ve Eğitim Bilimleri Dergisi ,http://www.sportifbakis.com/OncekiSayilar.aspx
 Sportive Dergisi ,https://dergipark.org.tr/tr/pub/sportive
 STED-Sürekli Tıp Eğitimi Dergisi ,https://www.ttb.org.tr/STED/
 Süleyman Demirel Üniversitesi Tıp Fakültesi Dergisi ,http://dergipark.gov.tr/en/pub/sdutfd
 Şehir Sağlığı Dergisi ,http://cityhealthj.org/index.php/cityhealthj
 Şişli Etfal Hastanesi Tıp Bülteni ,https://sislietfaltip.org/
 Tepecik Eğitim ve Araştırma Hastanesi Dergisi ,https://tepecikdergisi.com/
 The Anatolian Journal of Cardiology ,Null or Not Operations Web Page
 The Anatolian Journal of Family Medicine ,https://anatoljfm.org/
 The Eurasian Clinical and Analytical Medicine (ECAM)  ,https://eurasianmedicine.com/
 The Eurasian Journal of Medicine ,https://www.eajm.org/
 The European Research Journal ,http://dergipark.gov.tr/en/pub/eurj
 The Injector ,https://injectormedicaljournal.com/index.php/theinjector
 The Injector ,https://injectormedicaljournal.com/index.php/theinjector
 The Journal of Eurasia Sport Sciences and Medicine ,https://dergipark.org.tr/tr/pub/jessm
 The Journal of International Advanced Otology ,Null or Not Operations Web Page
 The Journal of Pediatric Research ,https://jpedres.org/
 The Journal of Turkish Spinal Surgery   ,https://www.jtss.org/
 The Turkish Journal of Ear Nose and Throat ,Null or Not Operations Web Page
 The Turkish Journal of Pediatrics ,https://www.turkishjournalpediatrics.org/
 The Ulutas Medical Journal ,https://www.ulutasmedicaljournal.com/
 The World Clinics Journal of Medical Sciences ,https://www.turkiyeklinikleri.com/journal/the-world-clinics-journal-of-medical-sciences/533/tr-index.html
 Tıp Araştırmaları Dergisi ,http://tader.org/index.php
 Tıp Eğitimi Dünyası Dergisi ,https://dergipark.org.tr/tr/pub/ted
 TOGÜ Sağlık Bilimleri Dergisi ,https://togusbd.gop.edu.tr/Defaultx.Aspx
 Toplum ve Sosyal Hizmet ,https://dergipark.org.tr/tr/pub/tsh
 Trends in Pediatrics ,https://trendspediatrics.com/
 TSK Koruyucu Hekimlik Bülteni ,https://www.korhek.org/
 Turkderm- Turkish Archives of the Dermatology and Venerology ,https://journal.turkderm.org.tr/jvi.aspx?pdir=turkderm&plng=tur&list=pub
 Turkish Archives of Otorhinolaryngology ,Null or Not Operations Web Page
 Turkish Archives of Pediatrics ,https://www.turkarchpediatr.org/
 Turkish Journal o f Cardiovascular Nursing ,http://khd.tkd.org.tr/
 Turkish Journal of Anaesthesiology and Reanimation ,Null or Not Operations Web Page
 Turkish Journal of Audiology and Hearing Research  ,http://tjaudiologyandhear.com/
 Turkish Journal of Colorectal Disease ,https://www.turkishjcrd.com/
 Turkish Journal of Emergency Medicine ,https://turkjemergmed.com/
 Turkish Journal of Endocrinology and Metabolism ,https://www.turkjem.org/home/
 Turkish Journal of Family Medicine and Primary Care ,https://dergipark.org.tr/tr/pub/tjfmpc
 Turkish Journal of Gastroenterology ,https://www.turkjgastroenterol.org/
 Turkish Journal of Geriatrics ,http://geriatri.dergisi.org/
 Turkish Journal of Health and Sport ,https://tjhealthsport.org/
 Turkish Journal of Hematology ,https://tjh.com.tr/
 Turkish Journal of Medical Sciences ,https://dergipark.org.tr/tr/pub/tbtkmedical
 Turkish Journal of Nephrology ,https://turkjnephrol.org/
 Turkish Journal of Obstetrics and Gynecology ,https://www.tjoddergisi.org/
 Turkish Journal of Oncology ,http://onkder.org/
 Turkish Journal of Orthodontics ,Null or Not Operations Web Page
 Turkish Journal of Pharmaceutical Sciences ,http://www.turkjps.org/
 Turkish Journal of Physical Medicine and Rehabilitation   ,https://www.ftrdergisi.com/
 Turkish Journal of Plastic Surgery ,http://www.turkjplastsurg.org/
 Turkish Journal of Reproductive Medicine and Surgery ,Null or Not Operations Web Page
 Turkish Journal of Surgery ,Null or Not Operations Web Page
 Turkish Journal of Urology ,Null or Not Operations Web Page
 Turkish Journal of Vascular Surgery  ,https://turkishjournalofvascularsurgery.org/
 Turkish Journal of Veterinary and Animal Sciences ,https://journals.tubitak.gov.tr/veterinary/index.php
 Turkish Journal of Veterinary Research ,Null or Not Operations Web Page
 Turkish Journal of Zoology ,https://journals.tubitak.gov.tr/zoology/
 Turkish journal of Internal Medicine ,https://dergipark.org.tr/tr/pub/tjim
 Turkish Neurosurgery ,http://www.turkishneurosurgery.org.tr/
 Turkish Thoracic Journal ,https://turkthoracj.org/
 Tüberküloz ve Toraks Dergisi ,http://www.tuberktoraks.org/
 Türk Beyin Damar Hastalıkları Dergisi ,http://dergi.bdhd.org.tr/jvi.asp
 Türk Bilimsel Derlemeler Dergisi  ,https://www.derleme.gen.tr/index.php/derleme
 Türk Biyokimya Dergisi ,https://www.degruyter.com/journal/key/tjb/html
 Türk Dermatoloji Dergisi ,https://www.turkdermatolojidergisi.com/
 Türk Diyabet Hemşireliği Dergisi ,https://tjdn.org/
 Türk Fen ve Sağlık Dergisi (TFSD) ,https://dergipark.org.tr/tr/pub/tfsd
 Türk Fizyoterapi ve Rehabilitasyon Dergisi ,http://dergipark.gov.tr/en/pub/tjpr
 Türk Göğüs Kalp Damar Cerrahisi Dergisi ,https://tgkdc.dergisi.org/
 Türk Hemşireler Derneği Dergisi ,https://dergipark.org.tr/tr/pub/thdd
 Türk Hijyen ve Deneysel Biyoloji Dergisi ,https://www.turkhijyen.org/
 Türk İmmünoloji Dergisi ,https://www.turkishimmunology.org/tr/
 Türk Jinekolojik Onkoloji Dergisi ,https://dergipark.org.tr/tr/pub/trsgo
 Türk Kardiyoloji Derneği Arşivi ,https://www.archivestsc.com/
 Türk Klinik Biyokimya Dergisi ,http://tkb.dergisi.org/index.php3
 Türk Klinik Laboratuvar Dergisi ,https://dergipark.org.tr/tr/pub/tjcl
 Türk Mikrobiyoloji Cemiyeti Dergisi ,http://tmc.dergisi.org/index.php3
 Türk Nöroloji Dergisi ,https://tjn.org.tr/
 Türk Nöroşirürji Dergisi ,Null or Not Operations Web Page
 Türk Oftalmoloji Dergisi ,https://www.oftalmoloji.org/
 Türk Osteoporoz Dergisi ,Null or Not Operations Web Page
 Türk Patoloji Dergisi ,http://www.turkjpath.org/
 Türk Psikiyatri Dergisi ,https://www.turkpsikiyatri.com/
 Türk Psikoloji Dergisi ,Null or Not Operations Web Page
 Türk Psikoloji Yazıları ,https://www.psikolog.org.tr/tr/yayinlar/yazilar/
 Türk Rinoloji Dergisi ,http://www.turkrinolojidergisi.org/
 Türk Tıp Dergisi ,http://www.turktipdergisi.org/
 Türk Yoğun Bakım Dergisi ,https://www.turkishjic.org/
 Türkiye Aile Hekimliği Dergisi ,https://www.turkailehekderg.org/
 Türkiye Biyoetik Dergisi ,Null or Not Operations Web Page
 Türkiye Çocuk Hastalıkları Dergisi ,https://dergipark.org.tr/tr/pub/tchd
 Türkiye Diyabet ve Obezite Dergisi ,https://dergipark.org.tr/tr/pub/tudod
 Türkiye'de Lösemi Lenfoma Miyelom Araştırmaları Dergisi ,http://www.llmdergi.org/
 Türkiye Halk Sağlığı Dergisi ,http://dergipark.gov.tr/en/pub/tjph
 Türkiye Klinikleri Acil Tıp - Özel Konular ,https://www.turkiyeklinikleri.com/journal/acil-tip-ozel-konular/2149-5378/issue-list/tr-index.html
 Türkiye Klinikleri Adli Tıp - Özel Konular ,https://www.turkiyeklinikleri.com/journal/adli-tip-ozel-konular/442/issue-list/tr-index.html
 Türkiye Klinikleri Adli Tıp ve Adli Bilimler Dergisi ,https://www.turkiyeklinikleri.com/journal/adli-tip-ve-adli-bilimler-dergisi/2619-9459/
 Türkiye Klinikleri Ağız Diş ve Çene Cerrahisi - Özel Konular ,https://www.turkiyeklinikleri.com/journal/agiz-dis-ve-cene-cerrahisi-ozel-konular/2149-410X/issue-list/tr-index.html
 Türkiye Klinikleri Ağız Diş ve Çene Radyolojisi - Özel Konular ,https://www.turkiyeklinikleri.com/journal/agiz-dis-ve-cene-radyolojisi-ozel-konular/2149-570X/issue-list/tr-index.html
 Türkiye Klinikleri Aile Hekimliği - Özel Konular ,https://www.turkiyeklinikleri.com/journal/aile-hekimligi-ozel-konular/1309-694X/issue-list/tr-index.html
 Türkiye Klinikleri Akciğer Arşivi ,https://www.turkiyeklinikleri.com/journal/akciger-arsivi/1309-0119/issue-list/tr-index.html
 Türkiye Klinikleri Anesteziyoloji Reanimasyon - Özel Konular ,https://www.turkiyeklinikleri.com/journal/anesteziyoloji-reanimasyon-ozel-konular/101/issue-list/tr-index.html
 Türkiye Klinikleri Anesteziyoloji Reanimasyon Dergisi ,https://www.turkiyeklinikleri.com/journal/anesteziyoloji-reanimasyon-dergisi/1304-0499/
 Türkiye Klinikleri Beslenme ve Diyetetik - Özel Konular ,https://www.turkiyeklinikleri.com/journal/beslenme-ve-diyetetik-ozel-konular/2149-6013/issue-list/tr-index.html
 Türkiye Klinikleri Biyoistatistik Dergisi ,https://www.turkiyeklinikleri.com/journal//1308-7894/tr-index.html
 Türkiye Klinikleri Biyomedikal- Özel Konular ,https://www.turkiyeklinikleri.com/journal/biyomedikal-ozel-konular/940/tr-index.html
 Türkiye Klinikleri Cardiovascular Sciences ,https://www.turkiyeklinikleri.com/journal/cardiovascular-sciences/1306-7656/tr-index.html
 Türkiye Klinikleri Cerrahi Hastalıkları Hemşireliği - Özel Konular ,https://www.turkiyeklinikleri.com/journal/cerrahi-hastaliklari-hemsireligi-ozel-dergisi/2149-5696/issue-list/tr-index.html
 Türkiye Klinikleri COVID - 19 - Özel Konular ,https://www.turkiyeklinikleri.com/journal/covid-19/1077/issue-list/en-index.html
 Türkiye Klinikleri Çocuk Acil - Özel Konular ,https://www.turkiyeklinikleri.com/journal/cocuk-acil-ozel-konular/969/tr-index.html
 Türkiye Klinikleri Çocuk Cerrahisi - Özel Konular ,https://www.turkiyeklinikleri.com/journal/cocuk-cerrahisi-ozel-konular/1308-1209/issue-list/tr-index.html
 Türkiye Klinikleri Çocuk Diş Hekimliği - Özel Konular ,https://www.turkiyeklinikleri.com/journal/cocuk-dis-hekimligi-ozel-konular/452/issue-list/tr-index.html
 Türkiye Klinikleri Çocuk Endokrinolojisi - Özel Konular ,https://www.turkiyeklinikleri.com/journal/cocuk-endokrinolojisi-ozel-konular/970/tr-index.html
 Türkiye Klinikleri Çocuk Enfeksiyon Hastalıkları - Özel Konular ,https://www.turkiyeklinikleri.com/journal/cocuk-enfeksiyon-hastaliklari-ozel-konular/971/tr-index.html
 Türkiye Klinikleri Çocuk Gastroenterolojisi - Özel Konular ,https://www.turkiyeklinikleri.com/journal/cocuk-gastroenterolojisi-ozel-konular/972/about/tr-index.html
 Türkiye Klinikleri Çocuk Genetik Hastalıkları - Özel Konular ,https://www.turkiyeklinikleri.com/journal/cocuk-genetik-hastaliklari-ozel-konular/973/tr-index.html
 Türkiye Klinikleri Çocuk Göğüs Hastalıkları - Özel Konular ,https://www.turkiyeklinikleri.com/journal/cocuk-gogus-hastaliklari-ozel-konular/974/issue-list/tr-index.html
 Türkiye Klinikleri Çocuk Hematolojisi ve Onkolojisi - Özel Konular ,https://www.turkiyeklinikleri.com/journal/cocuk-hematolojisi-ve-onkolojisi-ozel-konular/975/issue-list/tr-index.html
 Türkiye Klinikleri Çocuk İmmünolojisi ve Alerjik Hastalıkları - Özel Konular ,https://www.turkiyeklinikleri.com/journal/cocuk-immunolojisi-ve-alerjik-hastaliklari-ozel-konular/976/tr-index.html
 Türkiye Klinikleri Çocuk Kardiyolojisi - Özel Konular ,https://www.turkiyeklinikleri.com/journal/cocuk-kardiyolojisi-ozel-konular/977/issue-list/tr-index.html
 Türkiye Klinikleri Çocuk Metabolizma Hastalıkları - Özel Konular ,https://www.turkiyeklinikleri.com/journal/cocuk-metabolizma-hastaliklari-ozel-konular/978/tr-index.html
 Türkiye Klinikleri Çocuk Nefrolojisi - Özel Konular ,https://www.turkiyeklinikleri.com/journal/cocuk-nefrolojisi-ozel-konular/979/en-index.html
 Türkiye Klinikleri Çocuk Nörolojisi - Özel Konular ,https://www.turkiyeklinikleri.com/journal/cocuk-norolojisi-ozel-konular/980/tr-index.html
 Türkiye Klinikleri Çocuk Psikiyatrisi - Özel Konular ,https://www.turkiyeklinikleri.com/journal/cocuk-psikiyatrisi-ozel-konular/2149-7915/issue-list/tr-index.html
 Türkiye Klinikleri Çocuk Romatolojisi - Özel Konular ,https://www.turkiyeklinikleri.com/journal/cocuk-romatolojisi-ozel-konular/981/issue-list/tr-index.html
 Türkiye Klinikleri Çocuk Sağlığı ve Hastalıkları Hemşireliği - Özel Konular ,https://www.turkiyeklinikleri.com/journal/cocuk-sagligi-ve-hastaliklari-hemsireligi-ozel-konular/461/issue-list/tr-index.html
 Türkiye Klinikleri Çocuk Yoğun Bakım - Özel Konular ,https://www.turkiyeklinikleri.com/journal/cocuk-yogun-bakim-ozel-konular/982/tr-index.html
 Türkiye Klinikleri Dermatoloji - Özel Konular ,https://www.turkiyeklinikleri.com/journal/dermatoloji-ozel-konular/1308-0946/issue-list/tr-index.html
 Türkiye Klinikleri Dermatoloji Dergisi ,https://www.turkiyeklinikleri.com/journal/dermatoloji-dergisi/1300-0330/
 Türkiye Klinikleri Diş Hekimliği Bilimleri Dergisi ,https://www.turkiyeklinikleri.com/journal/turkiye-klinikleri-dis-hekimligi-bilimleri-dergisi/1300-7734
 Türkiye Klinikleri Diş Hekimliği Bilimleri Olgu Dergisi ,https://www.turkiyeklinikleri.com/journal/dis-hekimligi-bilimleri-olgu-dergisi/437/tr-index.html
 Türkiye Klinikleri Diş Hekimliği Bilimleri Özel Dergisi ,https://www.turkiyeklinikleri.com/journal/dis-hekimligi-bilimleri-ozel-dergisi/1309-6931/
 Türkiye Klinikleri Doğum-Kadın Sağlığı ve Hastalıkları Hemşireliği - Özel Konular ,https://www.turkiyeklinikleri.com/journal/dogum-kadin-sagligi-ve-hastaliklari-hemsireligi-ozel-konular/2149-598X/issue-list/tr-index.html
 Türkiye Klinikleri Dölerme ve Suni Tohumlama - Özel Konular ,https://www.turkiyeklinikleri.com/journal/dolerme-ve-suni-tohumlama-ozel-konular/468/issue-list/tr-index.html
 Türkiye Klinikleri Eczacılık Bilimleri - Özel Konular ,https://www.turkiyeklinikleri.com/journal/eczacilik-bilimleri-ozel-konular/1079/tr-index.html
 Türkiye Klinikleri Endodonti - Özel Konular ,https://www.turkiyeklinikleri.com/journal/endodonti-ozel-konular/453/issue-list/tr-index.html
 Türkiye Klinikleri Endokrinoloji - Özel Konular ,https://www.turkiyeklinikleri.com/journal/endokrinoloji-ozel-konular/89/issue-list/tr-index.html
 Türkiye Klinikleri Endokrinoloji Dergisi ,https://www.turkiyeklinikleri.com/
 Türkiye Klinikleri Enfeksiyon Hastalıkları - Özel Konular ,https://www.turkiyeklinikleri.com/journal/enfeksiyon-hastaliklari-ozel-konular/1308-0970/issue-list/tr-index.html
 Türkiye Klinikleri Farmakoloji - Özel Konular ,https://www.turkiyeklinikleri.com/journal/farmakoloji-ozel-dergisi/1304-4257/issue-list/tr-index.html
 Türkiye Klinikleri Fiziksel Tıp ve Rehabilitasyon - Özel Konular ,https://www.turkiyeklinikleri.com/journal/fiziksel-tip-ve-rehabilitasyon-ozel-konular/87/issue-list/tr-index.html
 Türkiye Klinikleri Fizyoterapi ve Rehabilitasyon - Özel Konular ,https://www.turkiyeklinikleri.com/journal/fizyoterapi-ve-rehabilitasyon-ozel-konular/2149-5963/issue-list/tr-index.html
 Türkiye Klinikleri Gastroenterohepatoloji - Özel Konular ,https://www.turkiyeklinikleri.com/journal/gastroenterohepatoloji-ozel-dergisi/1308-0989/issue-list/tr-index.html
 Türkiye Klinikleri Gastroenterohepatoloji Dergisi ,https://www.turkiyeklinikleri.com/
 Türkiye Klinikleri Geleneksel ve Tamamlayıcı Tıp - Özel Konular ,https://www.turkiyeklinikleri.com/journal/geleneksel-ve-tamamlayici-tip-ozel-konular/959/about/tr-index.html
 Türkiye Klinikleri Genel Cerrahi - Özel Konular ,https://www.turkiyeklinikleri.com/journal/genel-cerrahi-ozel-konular/99/issue-list/tr-index.html
 Türkiye Klinikleri Geriatri - Özel Konular ,https://www.turkiyeklinikleri.com/journal/geriatri-ozel-konular/449/issue-list/tr-index.html
 Türkiye Klinikleri Gerontoloji Dergisi ,https://www.turkiyeklinikleri.com/journal/gerontoloji-dergisi/1136/about/tr-index.html
 Türkiye Klinikleri Gıda Bilimleri - Özel Konular ,https://www.turkiyeklinikleri.com/journal/gida-bilimleri-ozel-konular/2149-8431/issue-list/tr-index.html
 Türkiye Klinikleri Göğüs Cerrahisi - Özel Konular ,https://www.turkiyeklinikleri.com/journal/gogus-cerrahisi-ozel-konular/1308-1144/issue-list/tr-index.html
 Türkiye Klinikleri Göğüs Hastalıkları - Özel Konular ,https://www.turkiyeklinikleri.com/journal/gogus-hastaliklari-ozel-konular/1308-1152/issue-list/tr-index.html
 Türkiye Klinikleri Halk Sağlığı - Özel Konular ,https://www.turkiyeklinikleri.com/journal/halk-sagligi-ozel-konular/2149-536X/issue-list/tr-index.html
 Türkiye Klinikleri Halk Sağlığı Hemşireliği - Özel Konular ,https://www.turkiyeklinikleri.com/journal/halk-sagligi-hemsireligi-ozel-konular/2149-4118/issue-list/tr-index.html
 Türkiye Klinikleri Hayvan Besleme ve Beslenme Hastalıkları - Özel Konular ,https://www.turkiyeklinikleri.com/journal/hayvan-besleme-ve-beslenme-hastaliklari-ozel-konular/471/issue-list/tr-index.html
 Türkiye Klinikleri Hematoloji - Özel Konular ,https://www.turkiyeklinikleri.com/journal/hematoloji-ozel-konular/1308-1160/issue-list/tr-index.html
 Türkiye Klinikleri Hemşirelik Bilimleri Dergisi ,https://www.turkiyeklinikleri.com/journal/hemsirelik-bilimleri-dergisi/1308-092X/
 Türkiye Klinikleri İç Hastalıkları - Özel Konular ,https://www.turkiyeklinikleri.com/journal/ic-hastaliklari-ozel-konular/985/tr-index.html
 Türkiye Klinikleri İç Hastalıkları Dergisi ,https://www.turkiyeklinikleri.com/journal/ic-hastaliklari-dergisi/2458-8733/tr-index.html
 Türkiye Klinikleri İç Hastalıkları Hemşireliği - Özel Konular ,https://www.turkiyeklinikleri.com/journal/ic-hastaliklari-hemsireligi-ozel-konular/464/issue-list/tr-index.html
 Türkiye Klinikleri İmmünoloji Alerji - Özel Konular ,https://www.turkiyeklinikleri.com/journal/immunoloji-alerji-ozel-konular/86/issue-list/tr-index.html
 Türkiye Klinikleri Jinekoloji Obstetrik - Özel Konular ,https://www.turkiyeklinikleri.com/journal/jinekoloji-obstetrik-ozel-konular/1308-1012/issue-list/tr-index.html
 Türkiye Klinikleri Journal of Case Reports ,https://www.turkiyeklinikleri.com/journal/journal-of-case-reports/46/tr-index.html
 Türkiye Klinikleri Kalp Damar Cerrahisi - Özel Konular ,https://www.turkiyeklinikleri.com/journal/kalp-damar-cerrahisi-ozel-dergisi/1308-0997/issue-list/tr-index.html
 Türkiye Klinikleri Kardiyoloji - Özel Konular ,https://www.turkiyeklinikleri.com/journal/kardiyoloji-ozel-konular/90/issue-list/tr-index.html
 Türkiye Klinikleri Kozmetik Dermatoloji - Özel Konular ,https://www.turkiyeklinikleri.com/journal/kozmetik-dermatoloji-ozel-dergisi/1308-108X/issue-list/tr-index.html
 Türkiye Klinikleri Kulak Burun Boğaz - Özel Konular ,https://www.turkiyeklinikleri.com/journal/kulak-burun-bogaz-ozel-dergisi/1308-1047/issue-list/tr-index.html
 Türkiye Klinikleri Laboratuvar Hayvanları Dergisi ,https://www.turkiyeklinikleri.com/journal/laboratuvar-hayvanlari-dergisi/551/tr-index.html
 Türkiye Klinikleri Nefroloji - Özel Konular ,https://www.atifdizini.com/journals/turkiyeklinikleri.com/journal/nefroloji-ozel-konular/93/issue-list/tr-index.html
 Türkiye Klinikleri Nefroloji Dergisi ,https://www.turkiyeklinikleri.com/
 Türkiye Klinikleri Neonatoloji - Özel Konular ,https://www.turkiyeklinikleri.com/journal/neonatoloji-ozel-konular/983/issue-list/tr-index.html
 Türkiye Klinikleri Nöroloji - Özel Konular ,https://www.turkiyeklinikleri.com/journal/noroloji-ozel-konular/82/issue-list/tr-index.html
 Türkiye Klinikleri Nöroloji Dergisi ,https://www.turkiyeklinikleri.com/
 Türkiye Klinikleri Nöroşirürji - Özel Konular ,https://www.turkiyeklinikleri.com/journal/norosirurji-ozel-konular/105/issue-list/tr-index.html
 Türkiye Klinikleri Nükleer Tıp - Özel Konular ,https://www.turkiyeklinikleri.com/journal/nukleer-tip-ozel-konular/424/issue-list/tr-index.html
 Türkiye Klinikleri Oftalmoloji - Özel Konular ,https://www.turkiyeklinikleri.com/journal/oftalmoloji-ozel-konular/1308-111X/issue-list/tr-index.html
 Türkiye Klinikleri Oftalmoloji Dergisi ,https://www.turkiyeklinikleri.com/journal//1300-0365/tr-index.html
 Türkiye Klinikleri Ortodonti - Özel Konular ,https://www.turkiyeklinikleri.com/journal/ortodonti-ozel-konular/454/issue-list/tr-index.html
 Türkiye Klinikleri Ortopedi Travmatoloji - Özel Konular ,https://www.turkiyeklinikleri.com/journal/ortopedi-travmatoloji-ozel-konular/109/issue-list/tr-index.html
 Türkiye Klinikleri Pediatri Dergisi ,https://www.turkiyeklinikleri.com/journal/pediatri-dergisi/1300-0381/
 Türkiye Klinikleri Pediatrik Bilimler - Özel Konular ,https://www.turkiyeklinikleri.com/journal/pediatrik-bilimler-dergisi/1305-435X/
 Türkiye Klinikleri Periodontoloji - Özel Konular ,https://www.turkiyeklinikleri.com/journal/periodontoloji-ozel-konular/455/issue-list/tr-index.html
 Türkiye Klinikleri Plastik Cerrahi - Özel Konular ,https://www.turkiyeklinikleri.com/journal/plastik-cerrahi-ozel-konular/106/issue-list/tr-index.html
 Türkiye Klinikleri Protetik Diş Tedavisi - Özel Konular ,https://www.turkiyeklinikleri.com/journal/protetik-dis-tedavisi-ozel-konular/456/issue-list/tr-index.html
 Türkiye Klinikleri Psikiyatri - Özel Konular ,https://www.turkiyeklinikleri.com/journal/psikiyatri-ozel-konular/1308-1063/issue-list/tr-index.html
 Türkiye Klinikleri Psikiyatri Hemşireliği - Özel Konular ,https://www.turkiyeklinikleri.com/journal/psikiyatri-hemsireligi-ozel-konular/465/issue-list/tr-index.html
 Türkiye Klinikleri Psikoloji - Özel Konular ,https://www.turkiyeklinikleri.com/journal/psikoloji-ozel-konular/549/issue-list/tr-index.html
 Türkiye Klinikleri Radyasyon Onkolojisi - Özel Konular ,https://www.turkiyeklinikleri.com/journal/radyasyon-onkolojisi-ozel-konular/425/issue-list/tr-index.html
 Türkiye Klinikleri Radyoloji - Özel Konular ,https://www.turkiyeklinikleri.com/journal/radyoloji-ozel-konular/84/issue-list/tr-index.html
 Türkiye Klinikleri Restoratif Diş Tedavisi - Özel Konular ,https://www.turkiyeklinikleri.com/journal/restoratif-dis-tedavisi-ozel-dergisi/457/tr-index.html
 Türkiye Klinikleri Romatoloji - Özel Konular ,https://www.turkiyeklinikleri.com/journal/romatoloji-ozel-dergisi/1308-1179/
 Türkiye Klinikleri Sağlık Bilimleri Dergisi ,https://www.turkiyeklinikleri.com/journal/saglik-bilimleri-dergisi/485/
 Türkiye Klinikleri Sosyal Pediatri - Özel Konular ,https://www.turkiyeklinikleri.com/journal/sosyal-pediatri-ozel-konular/984/tr-index.html
 Türkiye Klinikleri Spor Bilimleri Dergisi ,https://www.turkiyeklinikleri.com/journal/spor-bilimleri-dergisi/1308-0938/tr-index.html
 Türkiye Klinikleri Spor Hekimliği-Özel Konular ,https://www.turkiyeklinikleri.com/journal/spor-hekimligi-ozel-konular/443/issue-list/tr-index.html
 Türkiye Klinikleri Tıbbi Genetik - Özel Konular ,https://www.turkiyeklinikleri.com/journal/tibbi-genetik-ozel-konular/547/issue-list/tr-index.html
 Türkiye Klinikleri Tıbbi Onkoloji - Özel Konular ,https://www.turkiyeklinikleri.com/journal/tibbi-onkoloji-ozel-konular/1308-1098/issue-list/tr-index.html
 Türkiye Klinikleri Tıbbi Patoloji - Özel Konular ,https://www.turkiyeklinikleri.com/journal/tibbi-patoloji-ozel-konular/546/issue-list/tr-index.html
 Türkiye Klinikleri Tıp Bilimleri Dergisi ,https://www.turkiyeklinikleri.com/journal/tip-bilimleri-dergisi/1300-0292/
 Türkiye Klinikleri Tıp Eğitimi - Özel Konular ,https://www.turkiyeklinikleri.com/journal/tip-egitimi-ozel-konular/2548-0790/issue-list/tr-index.html
 Türkiye Klinikleri Tıp Etiği - Hukuku - Tarihi - Özel Konular ,https://www.turkiyeklinikleri.com/journal/tip-etigi-hukuku-tarihi-ozel-konular/507/issue-list/tr-index.html
 Türkiye Klinikleri Tıp Etiği-Hukuku-Tarihi Dergisi ,https://www.turkiyeklinikleri.com/journal/tip-etigi-hukuku-tarihi-dergisi/1303-4332/
 Türkiye Klinikleri Üroloji - Özel Konular ,https://www.turkiyeklinikleri.com/journal/uroloji-ozel-konular/104/issue-list/tr-index.html
 Türkiye Klinikleri Veteriner Bilimleri - Cerrahi - Özel Konular ,https://www.turkiyeklinikleri.com/journal/veteriner-bilimleri-cerrahi-ozel-dergisi/2149-5343/issue-list/tr-index.html
 Türkiye Klinikleri Veteriner Bilimleri - İç Hastalıkları - Özel Konular ,https://www.turkiyeklinikleri.com/journal/veteriner-bilimleri-ic-hastaliklari-ozel-konular/472/issue-list/tr-index.html
 Türkiye Klinikleri Veteriner Bilimleri Dergisi ,https://www.turkiyeklinikleri.com/journal/veteriner-bilimleri-dergisi/1309-6907/
 Türkiye Klinikleri Veteriner Bilimleri-Doğum ve Jinekoloji - Özel Konular ,https://www.turkiyeklinikleri.com/journal/veteriner-bilimleri-dogum-ve-jinekoloji-ozel-konular/467/issue-list/tr-index.html
 Türkiye Klinikleri Veteriner Bilimleri-Farmakoloji ve Toksikoloji - Özel Konular ,https://www.turkiyeklinikleri.com/journal/veteriner-bilimleri-farmakoloji-ve-toksikoloji-ozel-konular/469/issue-list/tr-index.html
 Türkiye Klinikleri Yoğun Bakım - Özel Konular ,https://www.turkiyeklinikleri.com/journal/yogun-bakim-ozel-konular/448/issue-list/tr-index.html
 Türkiye Parazitoloji Dergisi ,https://www.turkiyeparazitolderg.org/
 Türkiye Sağlık Okuryazarlığı Dergisi  ,http://saglikokuryazarligidergisi.com/index.php/soyd
 Uludağ Arıcılık Dergisi  ,https://dergipark.org.tr/tr/pub/uluaricilik
 Uludağ Üniversitesi Tıp Fakültesi Dergisi ,Null or Not Operations Web Page
 Ulusal Romatoloji Dergisi ,https://www.raeddergisi.org/arsiv.asp
 Ulusal Spor Bilimleri Dergisi (USBD) ,Null or Not Operations Web Page
 Ulusal Spor Bilimleri Dergisi ,https://dergipark.org.tr/tr/pub/usbd/about-journal
 Ulusal Travma ve Acil Cerrahi Dergisi ,Null or Not Operations Web Page
 Uluslararası Hakemli Akademik Spor Sağlık ve Tıp Bilimleri Dergisi ,https://www.sstbdergisi.com/eng/
 Uluslararası Hakemli Hemşirelik Araştırmaları Dergisi ,https://www.khsdergisi.com/
 Uluslararası Hakemli Kadın Hastalıkları ve Anne Çocuk Sağlığı Dergisi ,about:blank
 Uluslararası Hakemli Ortopedi Travmatoloji ve Spor Hekimliği Dergisi ,http://www.otshdergisi.com/
 Uluslararası Hakemli Psikiyatri ve Psikoloji Araştırmaları Dergisi ,http://www.uhpdergisi.com/
 Uluslararası Hematoloji-Onkoloji Dergisi ,http://www.uhod.org/
 Uluslararası Sağlık Yönetimi ve Stratejileri Araştırma Dergisi ,https://dergipark.org.tr/en/pub/usaysad
" Uluslararası Spor, Egzersiz ve Antrenman Bilimi Dergisi ",http://dergipark.gov.tr/en/pub/useeabd
 Üroonkoloji Bülteni ,https://uroonkolojibulteni.com/
 Van Sağlık Bilimleri Dergisi ,https://dergipark.org.tr/tr/pub/vansaglik
 Van Tıp Dergisi ,https://vantipderg.org/jvi.aspx
 Van Veterinary Journal ,http://dergipark.gov.tr/en/pub/vanvetj
 Veterinary Sciences and Practices ,https://dergipark.org.tr/tr/pub/vetsci
 Veteriner Farmakoloji ve Toksikoloji Derneği Bülteni ,https://dergipark.org.tr/en/pub/vetfarmatoksbulten
 Veteriner Hekimler Derneği Dergisi ,https://dergipark.org.tr/en/pub/vetheder
 Viral Hepatit Dergisi ,Null or Not Operations Web Page
 Yeditepe Medical Journal ,https://yeditepemedicaljournal.com/
 Yeni Üroloji Dergisi ,https://dergipark.org.tr/tr/pub/yud
 Yoğun Bakım Dergisi ,Null or Not Operations Web Page
 Yoğun Bakım Hemşireliği Dergisi ,http://dergipark.gov.tr/en/pub/ybhd
 Yüksek İhtisas Üniversitesi Sağlık Bilimleri Dergisi  ,https://dergi.yuksekihtisasuniversitesi.edu.tr/
 Zeynep Kamil Medical Journal  ,https://zeynepkamilmedj.com/
 7tepe klinik ,Null or Not Operations Web Page
